{
	"class_name" : "PinholeCameraParameters",
	"extrinsic" : 
	[
		0.99023740085126666,
		-0.078386809387895537,
		0.11526230116266849,
		0.0,
		0.031502777329119193,
		0.93135591862165845,
		0.36274471446040224,
		0.0,
		-0.13578462717067752,
		-0.35557230061183426,
		0.9247328663250417,
		0.0,
		-2.0794180135557232,
		-0.7849202400357117,
		1.8344201829137632,
		1.0
	],
	"intrinsic" : 
	{
		"height" : 1080,
		"intrinsic_matrix" : 
		[
			935.30743608719399,
			0.0,
			0.0,
			0.0,
			935.30743608719399,
			0.0,
			959.5,
			539.5,
			1.0
		],
		"width" : 1920
	},
	"version_major" : 1,
	"version_minor" : 0
}